MONTHLY COMPARATIVE PRICE DATA,,,,,,,,,,,,
NATIONWIDE COVERAGE*,,,,,,,,,,,,
,,,,,,,,,,,,
PRIME COMMODITIES (PC),,,,,,,,,,,,
PRODUCT CATEGORY,COMMODITY,BRAND NAME,"SPECIFICATION
(size, unit, weight, height, etc.)","SRP
01 FEB 2025 (ADJUSTED)","MONITORED PREVAILING PRICE, NATIONWIDE",,,,,,,
,,,,,CURRENT MONTH,A MONTH AGO ,CURRENT VS. A MONTH AGO ,,CURRENT MONTH,THREE MONTHS AGO ,CURRENT VS. THREE MONTHS AGO ,
,,,,,,,,,,,,
,,,,,NOVEMBER,OCTOBER,% CHANGE,PHP DIFF.,NOVEMBER,AUGUST,% CHANGE,PHP DIFF.
Battery,DURACELL AAA,DURACELL,2pcs/pack,NO SRP,,,,,,,,
Battery,ENERGIZER MAX AA ,Energizer,4pcs/pack,206.25,206.25,206.25,0.00%,0,206.25,206.25,0.00%,0
Battery,EVEREADY C Super Heavy Duty Black Shrink Wrap 1.5Voltz,Eveready,2pcs/pack,NO SRP,,,,,,,,
Battery,EVEREADY Heavy Duty Battery Blister AA,Eveready,4pcs/pack,48,,,,,,,,
Battery,EVEREADY Heavy Duty Battery Red,Eveready,2pcs/pack,NO SRP,,,,,,,,
Battery,EVEREADY Heavy Duty Big RED D,Eveready,2pcs/pack,51.25,,,,,,,,
Battery,EVEREADY Heavy Duty Small Red AA,Eveready,2pcs/pack,27,,,,,,,,
Battery,EVEREADY Super Heavy Duty Black D,Eveready,2pcs/pack,77.75,77.75,77.75,0.00%,0,77.75,77.75,0.00%,0
Battery,EVEREADY Super Heavy Duty Small BLACK AA,Eveready,2pcs/pack,39.95,,,,,,39.75,,
Battery,"EVEREADY, C Super Heavy Duty Medium Black Blister 1.5 Voltz",Eveready,2pcs/pack,NO SRP,,,,,,,,
Canned Beef - Beef Loaf,555 Beef Loaf,555,150g,19.5,,19.5,,,,18.15,,
Canned Beef - Beef Loaf,ARGENTINA Beef Loaf,Argentina,150g,22,20,20,0.00%,0,20,20,0.00%,0
Canned Beef - Beef Loaf,ARGENTINA Beef Loaf,Argentina,170g,25,24,24,0.00%,0,24,24,0.00%,0
Canned Beef - Beef Loaf,ARGENTINA Beef Loaf,Argentina,250g,NO SRP,31.25,31.25,0.00%,0,31.25,31.25,0.00%,0
Canned Beef - Beef Loaf,BINGO Beef Loaf,Bingo,150g,19.5,19.5,19.5,0.00%,0,19.5,19.5,0.00%,0
Canned Beef - Beef Loaf,CDO Beef Loaf - Classic,CDO,150g,21.75,21,21,0.00%,0,21,21,0.00%,0
Canned Beef - Beef Loaf,EL RANCHO Beef Loaf,El Rancho,155g,19.5,,19.25,,,,,,
Canned Beef - Beef Loaf,HOLIDAY  Beef Loaf,Holiday,150g,NO SRP,,,,,,,,
Canned Beef - Beef Loaf,PUREFOODS Beef Loaf ,Purefoods  ,150g,18.15,,,,,,,,
Canned Beef - Beef Loaf,PUREFOODS Superior Beef Loaf,Purefoods,200g,24.9,,,,,,,,
Canned Beef - Beef Loaf,SENORITA Beef Loaf ,Senorita,150g,NO SRP,19.25,21.5,-10.47%,-2.25,19.25,21.5,-10.47%,-2.25
Canned Beef - Beef Loaf,WINNER Beef Loaf,Winner,150g,NO SRP,23.1,,,,23.1,,,
Canned Beef - Beef Loaf,WOW Beef Loaf,Wow,150g,NO SRP,,,,,,18,,
Canned Beef - Corned Beef,555 Carne Norte Guisado,555,100g,NO SRP,20.5,20.5,0.00%,0,20.5,20.5,0.00%,0
Canned Beef - Corned Beef,555 Carne Norte Guisado,555,150g,NO SRP,29.5,29.5,0.00%,0,29.5,29.5,0.00%,0
Canned Beef - Corned Beef,555 Carne Norte Guisado,555,175g,NO SRP,35,35,0.00%,0,35,35.25,-0.71%,-0.25
Canned Beef - Corned Beef,ARGENTINA Corned Beef,Argentina,100g,NO SRP,27,27,0.00%,0,27,27,0.00%,0
Canned Beef - Corned Beef,ARGENTINA Corned Beef,Argentina,150g,35.75,35,35,0.00%,0,35,35,0.00%,0
Canned Beef - Corned Beef,ARGENTINA Corned Beef,Argentina,175g,40.75,40.75,40.75,0.00%,0,40.75,40.75,0.00%,0
Canned Beef - Corned Beef,ARGENTINA Corned Beef,Argentina,260g,NO SRP,57.5,58.25,-1.29%,-0.75,57.5,57.5,0.00%,0
Canned Beef - Corned Beef,BINGO Corned Beef,Bingo,100g,NO SRP,16,16,0.00%,0,16,16,0.00%,0
Canned Beef - Corned Beef,BINGO Corned Beef,Bingo,150g,23,23,23,0.00%,0,23,23,0.00%,0
Canned Beef - Corned Beef,BINGO Corned Beef,Bingo,210g,NO SRP,,28.5,,,,27.75,,
Canned Beef - Corned Beef,CDO Home-Style Corned Beef,CDO,150g,NO SRP,34.75,34.75,0.00%,0,34.75,35.75,-2.80%,-1
Canned Beef - Corned Beef,CDO Home-Style Corned Beef,CDO,260g,NO SRP,58.75,58.75,0.00%,0,58.75,60.75,-3.29%,-2
Canned Beef - Corned Beef,CDO Karne Norte Classic Guisado,CDO,100g,NO SRP,20.5,20.5,0.00%,0,20.5,20.5,0.00%,0
Canned Beef - Corned Beef,CDO Karne Norte Classic Guisado,CDO,175g,NO SRP,33.5,33.5,0.00%,0,33.5,33.5,0.00%,0
Canned Beef - Corned Beef,CDO Karne Norte Classic Guisado,CDO,260g,NO SRP,47.75,47.75,0.00%,0,47.75,47.75,0.00%,0
Canned Beef - Corned Beef,EL RANCHO Corned Beef ,El Rancho,150g,31.25,31.25,,,,31.25,31.25,0.00%,0
Canned Beef - Corned Beef,HIGHLANDS Classic Corned Beef,Highlands,150g,NO SRP,57.5,57.5,0.00%,0,57.5,55,4.55%,2.5
Canned Beef - Corned Beef,HIGHLANDS Classic Corned Beef,Highlands,180g,NO SRP,68.75,68.75,0.00%,0,68.75,65.75,4.56%,3
Canned Beef - Corned Beef,HIGHLANDS Classic Corned Beef,Highlands,260g,NO SRP,97,97,0.00%,0,97,92.5,4.86%,4.5
Canned Beef - Corned Beef,LIBERTY Corned Beef ,Liberty,150g,NO SRP,,,,,,,,
Canned Beef - Corned Beef,LIGO Carne Norte,Ligo,150g,NO SRP,,,,,,,,
Canned Beef - Corned Beef,LUCKY 7 Carne Norte,Lucky 7,100g,NO SRP,16.75,16.75,0.00%,0,16.75,16.75,0.00%,0
Canned Beef - Corned Beef,LUCKY 7 Carne Norte,Lucky 7,150g,NO SRP,19.5,19.5,0.00%,0,19.5,19.5,0.00%,0
Canned Beef - Corned Beef,LUCKY 7 Carne Norte,Lucky 7,210g,NO SRP,29.25,29.25,0.00%,0,29.25,29.25,0.00%,0
Canned Beef - Corned Beef,MONTENERO Corned Beef,Montenero,210g,NO SRP,77,77,0.00%,0,77,77,0.00%,0
Canned Beef - Corned Beef,PUREFOODS Corned Beef ,Purefoods,150g,NO SRP,86,86,0.00%,0,86,86,0.00%,0
Canned Beef - Corned Beef,PUREFOODS Corned Beef ,Purefoods,210g,NO SRP,119,119,0.00%,0,119,119,0.00%,0
Canned Beef - Corned Beef,SEÑORITA Corned Beef,Senorita,150g,NO SRP,,34,,,,,,
Canned Beef - Corned Beef,SM Bonus Corned Beef,SM Bonus,175g,NO SRP,34.75,34.75,0.00%,0,34.75,34.75,0.00%,0
Canned Beef - Corned Beef,STAR Corned Beef,Star,175g,NO SRP,,,,,,40.75,,
Canned Beef - Corned Beef,STAR Corned Beef ,Star,150g,34,,,,,,34,,
Canned Beef - Corned Beef,SWIFT Juicy Corned Beef ,Swift,150g,NO SRP,,,,,,37.05,,
Canned Beef - Corned Beef,SWIFT Juicy Corned Beef ,Swift,175g,NO SRP,,,,,,,,
Canned Beef - Corned Beef,WAGI Carne Norte,Wagi,150g,NO SRP,21,21,0.00%,0,21,21,0.00%,0
Canned Beef - Corned Beef,WINNER Corned Beef ,Winner,150g,33.75,21,,,,21,,,
Canned Beef - Corned Beef,YOUNG'S TOWN Brand Corned Beef - Premium,Young's Town,150g,34.25,34.25,34.25,0.00%,0,34.25,34.25,0.00%,0
Canned Pork - Luncheon Meat,CDO Chinese Style Luncheon Meat ,CDO,150g,NO SRP,,,,,,20.75,,
Canned Pork - Luncheon Meat,CDO Chinese Style Luncheon Meat ,CDO,165g,41,41,41,0.00%,0,41,41,0.00%,0
Canned Pork - Luncheon Meat,CDO Chinese Style Luncheon Meat ,CDO,220g,NO SRP,54.75,54.75,0.00%,0,54.75,54.75,0.00%,0
Canned Pork - Luncheon Meat,CDO Chinese Style Luncheon Meat ,CDO,350g,NO SRP,84,84,0.00%,0,84,84,0.00%,0
Canned Pork - Luncheon Meat,HIGHLANDS Luncheon Beef,Highlands,165g,NO SRP,,,,,,,,
Canned Pork - Luncheon Meat,LA FILIPINA Luncheon Meat ,La Filipina,110g,NO SRP,,,,,,,,
Canned Pork - Luncheon Meat,LA FILIPINA Luncheon Meat ,La Filipina,190g,NO SRP,94,94,0.00%,0,94,85,10.59%,9
Canned Pork - Luncheon Meat,LA FILIPINA Luncheon Meat ,La Filipina,235g,NO SRP,102,102,0.00%,0,102,,,
Canned Pork - Luncheon Meat,LIBERTY Beef Luncheon Meat,Liberty,375g,NO SRP,,,,,,,,
Canned Pork - Luncheon Meat,LIBERTY Beef Luncheon Meat,Liberty,165g,NO SRP,,,,,,,,
Canned Pork - Luncheon Meat,LIBERTY Pork Luncheon Meat,Liberty,165g,NO SRP,33,33,0.00%,0,33,33,0.00%,0
Canned Pork - Luncheon Meat,LIBERTY Pork Luncheon Meat,Liberty,375g,NO SRP,79,79,0.00%,0,79,79,0.00%,0
Canned Pork - Luncheon Meat,LIGO Luncheon Meat ,Ligo,150g,NO SRP,,,,,,,,
Canned Pork - Luncheon Meat,LIGO Luncheon Meat ,Ligo,175g,NO SRP,,,,,,,,
Canned Pork - Luncheon Meat,MALING (B2-high grade) Luncheon Meat ,Maling,170g,NO SRP,,,,,,,,
Canned Pork - Luncheon Meat,MALING (B2-high grade) Luncheon Meat ,Maling,397g,NO SRP,,,,,,,,
Canned Pork - Luncheon Meat,MALING 168 Luncheon Meat,Maling,397g,NO SRP,,,,,,118.95,,
Canned Pork - Luncheon Meat,MALING Luncheon Meat Chicken,Maling,397g,NO SRP,,,,,,,,
Canned Pork - Luncheon Meat,MALING Premium Luncheon Meat,Maling,397g,NO SRP,,,,,,,,
Canned Pork - Luncheon Meat,PHILIPS Gold Pork Luncheon Meat,Philips,350g,NO SRP,90,90,0.00%,0,90,90,0.00%,0
Canned Pork - Luncheon Meat,PUREFOODS Chicken Luncheon Meat,Purefoods,360g,NO SRP,,,,,,,,
Canned Pork - Luncheon Meat,PUREFOODS Chinese Luncheon Meat,Purefoods,165g,33.5,33.5,33.5,0.00%,0,33.5,33.5,0.00%,0
Canned Pork - Luncheon Meat,PUREFOODS Chinese Luncheon Meat,Purefoods,230g,NO SRP,,86.2,,,,,,
Canned Pork - Luncheon Meat,PUREFOODS Chinese Luncheon Meat,Purefoods,350g,NO SRP,86,86,0.00%,0,86,86,0.00%,0
Canned Pork - Luncheon Meat,PUREFOODS Luncheon Meat,Purefoods,215g,NO SRP,,85,,,,,,
Canned Pork - Luncheon Meat,SHANGHAI Luncheon Meat,Shanghai,375g,NO SRP,85,85,0.00%,0,85,85,0.00%,0
Canned Pork - Luncheon Meat,SM BONUS Pork Luncheon Meat,SM Bonus,340g,NO SRP,72.5,72.5,0.00%,0,72.5,72.5,0.00%,0
Canned Pork - Luncheon Meat,VALLEY FARM Pork Luncheon Meat,Valley Farm,220g,NO SRP,,,,,,,,
Canned Pork - Luncheon Meat,WAGI Pork Luncheon Meat,Wagi,340g,NO SRP,75,75,0.00%,0,75,75,0.00%,0
Canned Pork - Meat Loaf,555 Meat Loaf,555,150g,19.5,,,,,,,,
Canned Pork - Meat Loaf,ARGENTINA Meat Loaf ,Argentina,100g,NO SRP,17.25,17.25,0.00%,0,17.25,17.25,0.00%,0
Canned Pork - Meat Loaf,ARGENTINA Meat Loaf ,Argentina,150g,23.75,20,20,0.00%,0,20,20,0.00%,0
Canned Pork - Meat Loaf,ARGENTINA Meat Loaf ,Argentina,170g,25.25,23.5,23.5,0.00%,0,23.5,23.5,0.00%,0
Canned Pork - Meat Loaf,ARGENTINA Meat Loaf ,Argentina,250g,NO SRP,33.4,33.4,0.00%,0,33.4,33.4,0.00%,0
Canned Pork - Meat Loaf,BINGO Meat Loaf ,Bingo,150g,NO SRP,20.25,20.25,0.00%,0,20.25,21.25,-4.71%,-1
Canned Pork - Meat Loaf,CDO Classic Meat Loaf,CDO,150g,21.75,21.75,21.75,0.00%,0,21.75,21.75,0.00%,0
Canned Pork - Meat Loaf,LIBERTY Brand Meat Loaf ,Liberty ,200g,NO SRP,,,,,,,,
Canned Pork - Meat Loaf,LIGO Meat Loaf ,Ligo,150g,NO SRP,,,,,,,,
Canned Pork - Meat Loaf,LIGO Meat Loaf ,Ligo,175g,NO SRP,,,,,,,,
Canned Pork - Meat Loaf,LUCKY 7 Meat Loaf ,Lucky 7,150g,NO SRP,20.5,20.5,0.00%,0,20.5,20.5,0.00%,0
Canned Pork - Meat Loaf,PHILIPS Meat Loaf ,Philips,150g,NO SRP,21.75,21.75,0.00%,0,21.75,21.75,0.00%,0
Canned Pork - Meat Loaf,PHILIPS Meat Loaf ,Philips,200g,NO SRP,28,28,0.00%,0,28,28,0.00%,0
Canned Pork - Meat Loaf,PUREFOODS Meat Loaf ,Purefoods,150g,NO SRP,,,,,,,,
Canned Pork - Meat Loaf,STAR Meat loaf,Star,150g,NO SRP,22.75,22.75,0.00%,0,22.75,22.75,0.00%,0
Canned Pork - Meat Loaf,SWIFT Meat Loaf ,Swift,150g,NO SRP,,,,,,,,
Canned Pork - Meat Loaf,WINNER Meat Loaf ,Winner,150g,18,18,18,0.00%,0,18,18,0.00%,0
Canned Pork - Meat Loaf,WOW Meat Loaf ,Wow,150g,NO SRP,,,,,,,,
Canned Pork - Meat Loaf,YOUNG'S TOWN Meat Loaf,Young's Town,155g,NO SRP,26.25,,,,26.25,,,
Condiments - Patis,DATU PUTI Patis - (POUCH),Datu Puti,100g,NO SRP,,,,,,,,
Condiments - Patis,DATU PUTI Patis (GIN Bottle) - SMKT,Datu Puti,350ml,27,,,,,,,,
Condiments - Patis,DATU PUTI Patis (PET Bottle) - SMKT,Datu Puti,350ml,27,25,25,0.00%,0,25,25,0.00%,0
Condiments - Patis,DATU PUTI Patis (GIN Bottle) - WMKT,Datu Puti,350ml,28.25,,,,,,,,
Condiments - Patis,DATU PUTI Patis (PET Bottle) - WMKT,Datu Puti,350ml,28.25,,,,,,,,
Condiments - Patis,DATU PUTI Patis (PET Bottle) - SMKT,Datu Puti,1L,NO SRP,71.75,71.75,0.00%,0,71.75,71.75,0.00%,0
Condiments - Patis,LA MARINA Fish Sauce (PET Bottle),La Marina,340ml,NO SRP,23,23,0.00%,0,23,23,0.00%,0
Condiments - Patis,LORINS Patis (BUDGET PACK),Lorins,350ml,21.25,21.25,21.25,0.00%,0,21.25,21.25,0.00%,0
Condiments - Patis,LORINS Patis (PET Bottle),Lorins,350ml,23.25,23.25,23.25,0.00%,0,23.25,23.25,0.00%,0
Condiments - Patis,LORINS (POUCH),Lorins,150ml,11.5,11.5,11.5,0.00%,0,11.5,11.5,0.00%,0
Condiments - Patis,MARCA PINA Patis (SACHET),Marca Pina,150g,NO SRP,,,,,,,,
Condiments - Patis,MARCA PINA Patis (GIN Bottle) ,Marca Pina,350ml,NO SRP,,,,,,,,
Condiments - Patis,MARCA PINA Patis (PET Bottle) ,Marca Pina,1L,NO SRP,77.5,81.5,-4.91%,-4,77.5,73.75,5.08%,3.75
Condiments - Patis,NELICOM Special  (GIN Bottle) - SMKT,Nelicom,350ml,30.5,,29,,,,,,
Condiments - Patis,NELICOM Special  (PET Bottle) - SMKT,Nelicom,350ml,30.5,29,29.5,-1.69%,-0.5,29,29,0.00%,0
Condiments - Patis,NELICOM Special  (GIN Bottle) - WMKT,Nelicom,350ml,31.75,,,,,,,,
Condiments - Patis,NELICOM Special  (PET Bottle) - WMKT,Nelicom,350ml,31.75,,,,,,,,
Condiments - Patis,RUFINA Patis,Rufina,325ml,NO SRP,34.5,,,,34.5,,,
Condiments - Patis,SILVER SWAN Patis (POUCH),Silver Swan,100ml,NO SRP,10,10,0.00%,0,10,10,0.00%,0
Condiments - Patis,SILVER SWAN Special Patis  (GIN Bottle) ,Silver Swan,350ml,24.5,,,,,,,,
Condiments - Patis,SILVER SWAN Special Patis  (PET Bottle) ,Silver Swan,350ml,24.5,24.5,24.5,0.00%,0,24.5,24.5,0.00%,0
Condiments - Patis,TENTAY Patis (PET Bottle),Tentay,350ml,NO SRP,,22.5,,,,22.5,,
Condiments - Patis,TENTAY Patis (PET Bottle),Tentay,385ml,NO SRP,,,,,,28.5,,
Condiments - Soy Sauce,CARP Premium Soy Sauce (PET Bottle),Carp,350ml,NO SRP,,,,,,,,
Condiments - Soy Sauce,CARP Naturally Brewed Soy Sauce (PET Bottle),Carp,350ml,NO SRP,,,,,,,,
Condiments - Soy Sauce,COCONUT Brand Premium Soy Sauce (PET Bottle),Coconut,350ml,NO SRP,54.5,54.5,0.00%,0,54.5,52,4.81%,2.5
Condiments - Soy Sauce,COCONUT Brand Premium Soy Sauce (PET Bottle),Coconut,1L,NO SRP,123.5,123.5,0.00%,0,123.5,115,7.39%,8.5
Condiments - Soy Sauce,DATU PUTI Soy Sauce (BUDGET PACK),Datu Puti,100ml,NO SRP,6.6,6.6,0.00%,0,6.6,6.6,0.00%,0
Condiments - Soy Sauce,DATU PUTI Soy Sauce (POUCH),Datu Puti,200ml,NO SRP,10,10,0.00%,0,10,10.5,-4.76%,-0.5
Condiments - Soy Sauce,DATU PUTI Soy Sauce  (GIN Bottle) - WMKT,Datu Puti,350ml,20.5,,,,,,,,
Condiments - Soy Sauce,DATU PUTI Soy Sauce  (PET Bottle) - WMKT,Datu Puti,350ml,20.5,,,,,,,,
Condiments - Soy Sauce,DATU PUTI Soy Sauce (GIN Bottle) - SMKT,Datu Puti,350ml,19.75,,,,,,,,
Condiments - Soy Sauce,DATU PUTI Soy Sauce (PET Bottle) - SMKT,Datu Puti,350ml,19.75,19.75,19.75,0.00%,0,19.75,19.75,0.00%,0
Condiments - Soy Sauce,DATU PUTI Soy Sauce (PET Bottle) - SMKT,Datu Puti,385ml,NO SRP,22,22,0.00%,0,22,22,0.00%,0
Condiments - Soy Sauce,DATU PUTI Soy Sauce (PET Bottle) - WMKT,Datu Puti,385ml,NO SRP,,,,,,,,
Condiments - Soy Sauce,DATU PUTI Soy Sauce (PET Bottle),Datu Puti,1L,NO SRP,51,51,0.00%,0,51,51,0.00%,0
Condiments - Soy Sauce,DATU PUTI Soy Sauce - Stand Up Pouch - SMKT,Datu Puti,1L,NO SRP,48,48,0.00%,0,48,48,0.00%,0
Condiments - Soy Sauce,MARCA PINA Soy Sauce (POUCH),Marca Pina,200ml,NO SRP,11,12.2,-9.84%,-1.2,11,11.9,-7.56%,-0.9
Condiments - Soy Sauce,MARCA PINA Soy Sauce (GIN Bottle),Marca Pina,350ml,NO SRP,21.5,21.5,0.00%,0,21.5,21,2.38%,0.5
Condiments - Soy Sauce,MARCA PINA Soy Sauce (PET Bottle),Marca Pina,350ml,NO SRP,21.45,21.5,-0.23%,-0.05,21.45,24.25,-11.55%,-2.8
Condiments - Soy Sauce,MARCA PINA Soy Sauce (PET Bottle),Marca Pina,385ml,NO SRP,23.5,23.5,0.00%,0,23.5,24.1,-2.49%,-0.6
Condiments - Soy Sauce,MARCA PINA Soy Sauce (PET Bottle),Marca Pina,500ml,NO SRP,39.5,39.5,0.00%,0,39.5,39.5,0.00%,0
Condiments - Soy Sauce,SELECT Soy Sauce (POUCH),Select,200ml,NO SRP,10,9.25,8.11%,0.75,10,9.25,8.11%,0.75
Condiments - Soy Sauce,SELECT Soy Sauce (PET Bottle),Select,340ml,NO SRP,,,,,,17.75,,
Condiments - Soy Sauce,SILVER SWAN (POUCH),Silver Swan,100ml,NO SRP,6.8,6.8,0.00%,0,6.8,6.8,0.00%,0
Condiments - Soy Sauce,SILVER SWAN DOY PACK - SMKT,Silver Swan,200ml,11,10.5,10.5,0.00%,0,10.5,10.5,0.00%,0
Condiments - Soy Sauce,SILVER SWAN DOY PACK - WMKT,Silver Swan,200ml,11.5,,,,,,,,
Condiments - Soy Sauce,SILVER SWAN Soy Sauce  (GIN Bottle) - SMKT,Silver Swan,350ml,20.75,,,,,,,,
Condiments - Soy Sauce,SILVER SWAN Soy Sauce  (PET Bottle) - SMKT,Silver Swan,350ml,20.75,20.75,20.75,0.00%,0,20.75,20.75,0.00%,0
Condiments - Soy Sauce,SILVER SWAN Soy Sauce  (PET Bottle) - SMKT,Silver Swan,500ml,NO SRP,28.5,28.5,0.00%,0,28.5,28.5,0.00%,0
Condiments - Soy Sauce,SILVER SWAN Soy Sauce  (POUCH) - SMKT,Silver Swan,1L,NO SRP,53.5,52.75,1.42%,0.75,53.5,52.75,1.42%,0.75
Condiments - Vinegar,DATU PUTI  Vinegar (POUCH) ,Datu Puti,200ml,NO SRP,8,8,0.00%,0,8,7.7,3.90%,0.3
Condiments - Vinegar,DATU PUTI  Vinegar (POUCH) ,Datu Puti,350ml,NO SRP,,,,,,,,
Condiments - Vinegar,DATU PUTI  White Vinegar (PET Bottle) - SMKT,Datu Puti,350ml,18,18,18,0.00%,0,18,18,0.00%,0
Condiments - Vinegar,DATU PUTI  White Vinegar (GIN Bottle) - SMKT,Datu Puti,350ml,18,,,,,,,,
Condiments - Vinegar,DATU PUTI  White Vinegar (PET Bottle) - WMKT,Datu Puti,350ml,18.75,,,,,,,,
Condiments - Vinegar,DATU PUTI  White Vinegar (GIN Bottle) - WMKT,Datu Puti,350ml,18.75,,,,,,,,
Condiments - Vinegar,DATU PUTI  Vinegar STAND UP POUCH - SMKT,Datu Puti,350ml,NO SRP,16,16,0.00%,0,16,16,0.00%,0
Condiments - Vinegar,DATU PUTI  Vinegar (PET Bottle) ,Datu Puti,1L,NO SRP,41.25,41.25,0.00%,0,41.25,41.25,0.00%,0
Condiments - Vinegar,DATU PUTI  Vinegar STAND UP POUCH - SMKT,Datu Puti,1L,NO SRP,39.75,39.75,0.00%,0,39.75,39.75,0.00%,0
Condiments - Vinegar,MARCA PINA Sukang Puti (POUCH),Marca Pina,200ml,NO SRP,9.5,9.3,2.15%,0.2,9.5,9,5.56%,0.5
Condiments - Vinegar,MARCA PINA Sukang Puti (GIN Bottle),Marca Pina,350ml,NO SRP,17.45,17.85,-2.24%,-0.4,17.45,16.75,4.18%,0.7
Condiments - Vinegar,MARCA PINA Sukang Puti (PET Bottle),Marca Pina,385ml,NO SRP,20,20,0.00%,0,20,19.5,2.56%,0.5
Condiments - Vinegar,MARCA PIÑA Cane Vinegar (PET Bottle),Marca Pina,500ml,NO SRP,25.5,27.1,-5.90%,-1.6,25.5,27.05,-5.73%,-1.55
Condiments - Vinegar,MARCA PINA Sukang Puti (PET Bottle),Marca Pina,1L,NO SRP,49.25,42.5,15.88%,6.75,49.25,46.95,4.90%,2.3
Condiments - Vinegar,SILVER SWAN Cane Vinegar (POUCH) ,Silver Swan,350ml,NO SRP,,,,,,,,
Condiments - Vinegar,SILVER SWAN Sukang Puti (PET Bottle) ,Silver Swan,350ml,18,18,18,0.00%,0,18,18,0.00%,0
Condiments - Vinegar,SILVER SWAN Sukang Puti (GIN Bottle) ,Silver Swan,350ml,18,,,,,,,,
Condiments - Vinegar,SILVER SWAN Sukang Puti DOY PACK - SMKT,Silver Swan,200ml,8.25,7.4,7.4,0.00%,0,7.4,7.75,-4.52%,-0.35
Condiments - Vinegar,SILVER SWAN Sukang Puti DOY PACK- WMKT,Silver Swan,200ml,8.5,,,,,,,,
Condiments - Vinegar,SILVER SWAN Sukang Puti (POUCH),Silver Swan,1L,NO SRP,41.25,41.25,0.00%,0,41.25,41.25,0.00%,0
Condiments - Vinegar,SM BONUS White Vinegar (PET Bottle),SM Bonus,350ml,NO SRP,13.75,13.75,0.00%,0,13.75,13.75,0.00%,0
Condiments - Vinegar,SM BONUS Natural Vinegar (PET Bottle),SM Bonus,1L,NO SRP,33.75,33.75,0.00%,0,33.75,33.75,0.00%,0
Condiments - Vinegar,SM BONUS White Vinegar - (POUCH),SM Bonus,1L,NO SRP,32,32,0.00%,0,32,32,0.00%,0
Toilet Soap,ANTABAX Antibacterial Soap - FRESH ,Antabax,75g,NO SRP,,,,,,,,
Toilet Soap,ANTABAX Antibacterial Soap - COOL,Antabax,75g,NO SRP,,,,,,,,
Toilet Soap,ANTABAX Antibacterial Soap - GENTLE CARE,Antabax,75g,NO SRP,,,,,,,,
Toilet Soap,ANTABAX Antibacterial Soap - NATURE,Antabax,75g,NO SRP,,,,,,,,
Toilet Soap,ANTABAX Antibacterial Soap - PROTECT,Antabax,75g,NO SRP,,,,,,,,
Toilet Soap,ANTABAX Antibacterial Soap - ACTIVE DEO,Antabax,75g,NO SRP,,,,,,,,
Toilet Soap,ANTABAX Antibacterial Soap - FRESH ,Antabax,110g,NO SRP,31,31,0.00%,0,31,30.75,0.81%,0.25
Toilet Soap,ANTABAX Antibacterial Soap - COOL,Antabax,110g,NO SRP,31,31,0.00%,0,31,30.75,0.81%,0.25
Toilet Soap,ANTABAX Antibacterial Soap - GENTLE CARE,Antabax,110g,NO SRP,31,31,0.00%,0,31,30.75,0.81%,0.25
Toilet Soap,ANTABAX Antibacterial Soap - NATURE,Antabax,110g,NO SRP,31,31,0.00%,0,31,30.75,0.81%,0.25
Toilet Soap,ANTABAX Antibacterial Soap - PROTECT,Antabax,110g,NO SRP,,,,,,30.75,,
Toilet Soap,ANTABAX Antibacterial Soap - ACTIVE DEO,Antabax,110g,NO SRP,,,,,,,,
Toilet Soap,BIODERM Coolness - BLUE,Bioderm,55g,NO SRP,,,,,,,,
Toilet Soap,BIODERM Coolness - BLUE,Bioderm,90g,NO SRP,31.5,36.75,-14.29%,-5.25,31.5,31.5,0.00%,0
Toilet Soap,BIODERM Coolness - BLUE,Bioderm,135g,NO SRP,42,42,0.00%,0,42,42,0.00%,0
Toilet Soap,BIODERM Freshen - GREEN,Bioderm,55g,NO SRP,,,,,,,,
Toilet Soap,BIODERM Freshen - GREEN,Bioderm,90g,NO SRP,34.75,34.75,0.00%,0,34.75,31,12.10%,3.75
Toilet Soap,BIODERM Freshen - GREEN,Bioderm,135g,NO SRP,41,41,0.00%,0,41,41,0.00%,0
Toilet Soap,BIODERM Bloom - PINK,Bioderm,55g,NO SRP,,,,,,,,
Toilet Soap,BIODERM Bloom - PINK,Bioderm,90g,NO SRP,34.75,34.75,0.00%,0,34.75,34.75,0.00%,0
Toilet Soap,BIODERM Bloom - PINK,Bioderm,135g,NO SRP,41,41,0.00%,0,41,41,0.00%,0
Toilet Soap,BIODERM Pristine - WHITE,Bioderm,55g,NO SRP,,,,,,,,
Toilet Soap,BIODERM Pristine - WHITE,Bioderm,90g,NO SRP,34.75,34.75,0.00%,0,34.75,31,12.10%,3.75
Toilet Soap,BIODERM Pristine - WHITE,Bioderm,135g,NO SRP,46.75,46.75,0.00%,0,46.75,41,14.02%,5.75
Toilet Soap,GREEN Cross Pure Care - WHITE,Green Cross,55g,15,15,15,0.00%,0,15,15,0.00%,0
Toilet Soap,GREEN Cross Pure Care - WHITE,Green Cross,85g,25.75,25.75,25.75,0.00%,0,25.75,25.75,0.00%,0
Toilet Soap,GREEN Cross Pure Care - WHITE,Green Cross,125g,37.25,37.25,37.25,0.00%,0,37.25,37.25,0.00%,0
Toilet Soap,GREEN Cross Aqua Clean - BLUE,Green Cross,55g,NO SRP,15.25,16,-4.69%,-0.75,15.25,15.25,0.00%,0
Toilet Soap,GREEN Cross Aqua Clean - BLUE,Green Cross,85g,NO SRP,28,28,0.00%,0,28,28,0.00%,0
Toilet Soap,GREEN Cross Aqua Clean - BLUE,Green Cross,125g,NO SRP,37.75,37.75,0.00%,0,37.75,37.75,0.00%,0
Toilet Soap,GREEN Cross Clear Radiance - PINK,Green Cross,55g,NO SRP,16,16,0.00%,0,16,15.25,4.92%,0.75
Toilet Soap,GREEN Cross Clear Radiance - PINK,Green Cross,85g,NO SRP,28,28,0.00%,0,28,28,0.00%,0
Toilet Soap,GREEN Cross Clear Radiance - PINK,Green Cross,125g,NO SRP,37.75,37.75,0.00%,0,37.75,37.75,0.00%,0
Toilet Soap,GREEN Cross Cool Mountain - GREEN,Green Cross,55g,NO SRP,16,16,0.00%,0,16,15.25,4.92%,0.75
Toilet Soap,GREEN Cross Cool Mountain - GREEN,Green Cross,85g,NO SRP,28,28,0.00%,0,28,28,0.00%,0
Toilet Soap,GREEN Cross Cool Mountain - GREEN,Green Cross,125g,NO SRP,37.75,37.75,0.00%,0,37.75,37.75,0.00%,0
Toilet Soap,HYGIENIX Germicidal Soap Pure Defense,Hygienix,125g,NO SRP,40,39,2.56%,1,40,39,2.56%,1
Toilet Soap,LIFEBUOY Antibacterial Soap - TOTAL 10,Lifebuoy,110g,NO SRP,,,,,,,,
Toilet Soap,LIFEBUOY Antibacterial Soap - LEMON FRESH,Lifebuoy,110g,NO SRP,,,,,,,,
Toilet Soap,PALMOLIVE Naturals  White with Natural Milk,Palmolive ,55g,17,,,,,,,,
Toilet Soap,PALMOLIVE Naturals Hydrating Glow - GREEN,Palmolive ,115g,NO SRP,,,,,,,,
Toilet Soap,PALMOLIVE Naturals Hydrating Glow - GREEN,Palmolive ,55g,17,,,,,,,,
Toilet Soap,PALMOLIVE Naturals Hydrating Glow - GREEN,Palmolive ,80g,NO SRP,,,,,,,,
Toilet Soap,PALMOLIVE Naturals Pinkish Glow,Palmolive ,115g,NO SRP,,,,,,,,
Toilet Soap,PALMOLIVE Naturals Pinkish Glow,Palmolive ,55g,17,,,,,,,,
Toilet Soap,PALMOLIVE Naturals Pinkish Glow,Palmolive ,80g,NO SRP,,,,,,,,
Toilet Soap,PALMOLIVE Naturals White with Natural Milk,Palmolive ,115g,NO SRP,,,,,,,,
Toilet Soap,PALMOLIVE Naturals White with Natural Milk,Palmolive ,80g,NO SRP,,,,,,,,
Toilet Soap,PALMOLIVE Naturals Rosy Bloom - PINK,Palmolive ,55g,NO SRP,15.5,15.5,0.00%,0,15.5,15.5,0.00%,0
Toilet Soap,PALMOLIVE Naturals Rosy Bloom - PINK,Palmolive ,115g,NO SRP,41.75,43.05,-3.02%,-1.3,41.75,41.75,0.00%,0
Toilet Soap,PALMOLIVE Naturals Papaya - Orange,Palmolive ,55g,17,,17,,,,,,
Toilet Soap,SAFEGUARD Arctic Fresh,Safeguard  ,55g,NO SRP,20.5,20.5,0.00%,0,20.5,19.5,5.13%,1
Toilet Soap,SAFEGUARD Floral Pink - PINK,Safeguard  ,55g,NO SRP,,20.4,,,,19.5,,
Toilet Soap,SAFEGUARD Floral Pink - PINK,Safeguard  ,85g,NO SRP,,,,,,40,,
Toilet Soap,SAFEGUARD Floral Pink - PINK,Safeguard  ,115g,NO SRP,47.75,49,-2.55%,-1.25,47.75,47.75,0.00%,0
Toilet Soap,SAFEGUARD Floral Pink - PINK,Safeguard  ,125g,NO SRP,68,,,,68,49,38.78%,19
Toilet Soap,SAFEGUARD Floral Pink - PINK,Safeguard  ,160g,NO SRP,68,65.75,3.42%,2.25,68,65.75,3.42%,2.25
Toilet Soap,SAFEGUARD Fresh Green - GREEN,Safeguard  ,60g,NO SRP,19.5,20.5,-4.88%,-1,19.5,19.5,0.00%,0
Toilet Soap,SAFEGUARD Fresh Green - GREEN,Safeguard  ,115g,NO SRP,,49,,,,49,,
Toilet Soap,SAFEGUARD Fresh Green - GREEN,Safeguard  ,125g,NO SRP,49,49,0.00%,0,49,49,0.00%,0
Toilet Soap,SAFEGUARD Fresh Green - GREEN,Safeguard  ,160g,NO SRP,68,68,0.00%,0,68,68,0.00%,0
Toilet Soap,SAFEGUARD Lemon Fresh - YELLOW,Safeguard  ,55g,NO SRP,,20.4,,,,19.5,,
Toilet Soap,SAFEGUARD Lemon Fresh - YELLOW,Safeguard  ,85g,NO SRP,,,,,,,,
Toilet Soap,SAFEGUARD Lemon Fresh - YELLOW,Safeguard  ,115g,NO SRP,49,49,0.00%,0,49,47.75,2.62%,1.25
Toilet Soap,SAFEGUARD Lemon Fresh - YELLOW,Safeguard  ,125g,NO SRP,45,,,,45,49,-8.16%,-4
Toilet Soap,SAFEGUARD Lemon Fresh - YELLOW,Safeguard  ,160g,NO SRP,65.75,65.75,0.00%,0,65.75,65.75,0.00%,0
Toilet Soap,SAFEGUARD Pure White Soap,Safeguard  ,55g,22,,20.4,,,,18.5,,
Toilet Soap,SAFEGUARD Pure White Soap,Safeguard  ,82g,31.25,29.25,29.25,0.00%,0,29.25,29.25,0.00%,0
Toilet Soap,SAFEGUARD Pure White Soap,Safeguard  ,119g,49,,,,,,,,
Toilet Soap,SAFEGUARD White Camellia ,Safeguard  ,55g,NO SRP,,20.4,,,,19.5,,
Toilet Soap,SAFEGUARD White Camellia ,Safeguard  ,115g,NO SRP,49,49,0.00%,0,49,49,0.00%,0
Toilet Soap,SAFEGUARD White Camellia ,Safeguard  ,160g,NO SRP,65.75,65.75,0.00%,0,65.75,65.75,0.00%,0
Toilet Soap,SHIELD Bath Soap - BLUE,Shield,120g,NO SRP,,,,,,,,
Toilet Soap,SHIELD Bath Soap - PINK,Shield,60g,NO SRP,,,,,,,,
Toilet Soap,SHIELD Bath Soap - YELLOW,Shield,90g,NO SRP,,,,,,,,
Toilet Soap,SHIELD Sakura Glow - PINK,Shield,55g,NO SRP,16.75,16.75,0.00%,0,16.75,16.75,0.00%,0
Toilet Soap,SHIELD Sakura Glow - PINK,Shield,120g,NO SRP,33.75,33.75,0.00%,0,33.75,33.75,0.00%,0
Toilet Soap,SHIELD Cologne Fresh - BLUE,Shield,55g,NO SRP,16.75,16.75,0.00%,0,16.75,16.75,0.00%,0
Toilet Soap,SHIELD Cologne Fresh - BLUE,Shield,120g,NO SRP,33.75,33.75,0.00%,0,33.75,33.75,0.00%,0
Toilet Soap,SHIELD Honey & Orange Blossom - YELLOW,Shield,55g,NO SRP,14.25,14.25,0.00%,0,14.25,14.25,0.00%,0
Toilet Soap,SHIELD Honey & Orange Blossom - YELLOW,Shield,120g,NO SRP,33.75,33.75,0.00%,0,33.75,33.75,0.00%,0
Hard Flour,ANGEL WHITE (PLASTIC BAG),Angel White,25kg/bag,NO SRP,,,,,,,,
Hard Flour,ANGEL WHITE (COTTON) ,Angel White (Cotton),25kg/bag,NO SRP,,1140,,,,,,
Hard Flour,ASIAN GRAINS NAGA AZUL,Naga Azul,25kg/bag,NO SRP,,,,,,,,
Hard Flour,ASIAN GRAINS NAGA ORO, Naga Oro,25kg/bag,NO SRP,,,,,,,,
Hard Flour,ASIAN GRAINS NAGA ROSSA, Naga Rossa,25kg/bag,NO SRP,,,,,,,,
Hard Flour,ATLANTIC GRAINS ,Atlantic Grains,25kg/bag,NO SRP,,,,,,,,
Hard Flour,ATLANTIC GRAINS AMBASSADOR,Ambassador,25kg/bag,NO SRP,,,,,,,,
Hard Flour,ATLANTIC GRAINS EL DORADO,El Dorado,25kg/bag,NO SRP,,,,,,,,
Hard Flour,ATLANTIC GRAINS IRISH WINDMILL ,Irish Windmill,25kg/bag,NO SRP,,,,,,,,
Hard Flour,ATLANTIC GRAINS MAGNIFICENT,Magnificent,25kg/bag,NO SRP,,,,,,,,
Hard Flour,ATLANTIC GRAINS PINOY PAN,Pinoy Pan,25kg/bag,NO SRP,,,,,,,,
Hard Flour,ATLANTIC GRAINS PRESIDENT,President,25kg/bag,NO SRP,,,,,,,,
Hard Flour,ATLANTIC GRAINS SUPREME,Supreme ,25kg/bag,NO SRP,,,,,,,,
Hard Flour,ATLANTIC GRAINS WINNER SPECIAL,Winner Special,25kg/bag,NO SRP,,,,,,,,
Hard Flour,BAKER'S CHOICE ,Baker's Choice,25kg/bag,NO SRP,,,,,,,,
Hard Flour,BANANA  (TURKEY),Banana,25kg/bag,NO SRP,,,,,,,,
Hard Flour,BARON ,Baron,25kg/bag,NO SRP,1200,1250,-4.00%,-50,1200,,,
Hard Flour,BESPAN  (CHINA),Bespan,25kg/bag,NO SRP,,,,,,,,
Hard Flour,BLEND 100  ,Blend 100,25kg/bag,NO SRP,,,,,,,,
Hard Flour,COUNT,Count,25kg/bag,NO SRP,,,,,,,,
Hard Flour,EKSUN  (TURKEY),Eksun,25kg/bag,NO SRP,,,,,,,,
Hard Flour,EL SUPERIOR ,El Superior,25kg/bag,NO SRP,,980,,,,,,
Hard Flour,ELEPHANT ,Elephant,25kg/bag,NO SRP,,,,,,,,
Hard Flour,EMPEROR  ,Emperor,25kg/bag,NO SRP,,,,,,,,
Hard  Flour,FAMILY  ALL-PURPOSE FLOUR,Family,25kg/bag,NO SRP,1250,,,,1250,,,
Hard Flour,GENERAL  ,General,25kg/bag,NO SRP,,,,,,,,
Hard Flour,GLOBE ,Globe,25kg/bag,NO SRP,980,980,0.00%,0,980,,,
Hard Flour,GOLD FISH ,Gold Fish,25kg/bag,NO SRP,1000,980,2.04%,20,1000,,,
Hard Flour,GOLDEN HARVEST,Golden Harvest,25kg/bag,NO SRP,,,,,,,,
Hard Flour,GOLDEN WHEAT ALL PURPOSE FLOUR,Golden Wheat,25kg/bag,NO SRP,1150,1400,-17.86%,-250,1150,,,
Hard Flour,HARINA DE PANDESAL FLOUR,Harina de Pandesal,25kg/bag,NO SRP,,,,,,,,
Hard Flour,HI-PRO - COTTON ,Hi-Pro - Cotton,25kg/bag,NO SRP,,,,,,,,
Hard Flour,HI-PRO - PLASTIC POLYBAG ,Hi-Pro - Plastic Polybag,25kg/bag,NO SRP,,,,,,,,
Hard Flour,KING BEEN   ,King Been,25kg/bag,NO SRP,,,,,,,,
Hard Flour,KING ,King,25kg/bag,NO SRP,970,960,1.04%,10,970,,,
Hard Flour,KUTITAP ,Kutitap,25kg/bag,NO SRP,,,,,,,,
Hard Flour,LAPU-LAPU ,Lapu-Lapu,25kg/bag,NO SRP,,,,,,,,
Hard Flour,MAJESTIC FLOUR,Majestic,25kg/bag,NO SRP,,,,,,,,
Hard Flour,MAKILING ,Makiling,25kg/bag,NO SRP,,,,,,,,
Hard Flour,MASTER'S CHOICE,Master's Choice,25kg/bag,NO SRP,,,,,,,,
Hard Flour,METRO STAR ,Metro Star,25kg/bag,NO SRP,,,,,,,,
Hard Flour,MONARCH ,Monarch,25kg/bag,NO SRP,,1200,,,,,,
Hard Flour,MONARK ,Monark,25kg/bag,NO SRP,,,,,,,,
Hard Flour,MONTANA ,Montana,25kg/bag,NO SRP,,,,,,,,
Hard Flour,MORNING STAR  ,Morning Star,25kg/bag,NO SRP,,,,,,,,
Hard Flour,PENGUINE (3RD CLASS)  ,Penguine,25kg/bag,NO SRP,680,750,-9.33%,-70,680,,,
Hard Flour,REPUBLIC SPECIAL COTTON   ,Republic Special Cotton,25kg/bag,NO SRP,,,,,,,,
Hard Flour,REPUBLIC SPECIAL PLASTIC POLYBAG ,Republic Special Plastic Polybag,25kg/bag,NO SRP,,,,,,,,
Hard Flour,SILVER STAR  ,Silver Star,25kg/bag,NO SRP,,,,,,,,
Hard Flour,SNO-WHITE  ,Sno-White,25kg/bag,NO SRP,,930,,,,,,
Hard Flour,SUN MOON STAR ,Sun Moon Star,25kg/bag,NO SRP,,,,,,,,
Hard Flour,SUNSHINE  ,Sunshine,25kg/bag,NO SRP,,,,,,,,
Hard Flour,VIETNAM (3RD CLASS)  ,Vietnam (3rd Class),25kg/bag,NO SRP,,,,,,,,
Hard Flour,VINTA  ,Vinta,25kg/bag,NO SRP,,,,,,,,
Hard Flour,WASHINGTON GOLD ,Washington Gold,25kg/bag,NO SRP,930,945,-1.59%,-15,930,,,
Hard Flour,WELLINGTON  ,Wellington,25kg/bag,NO SRP,1000,990,1.01%,10,1000,,,
Hard Flour,WOODEN SPOON  (ALL-PURPOSE),Wooden Spoon,25kg/bag,NO SRP,,1500,,,,,,
Soft Flour,AJUMA  ,Ajuma,25kg/bag,NO SRP,,730,,,,,,
Soft Flour,AMIGO GOLD (PLASTIC) ,Amigo Gold,25kg/bag,NO SRP,,930,,,,,,
Soft Flour,ATLANTIC GRAINS BANAHAW ,Banahaw,25kg/bag,NO SRP,,,,,,,,
Soft Flour,BABY PANDA ,Baby Panda,25kg/bag,NO SRP,,,,,,,,
Soft Flour,BAYANI ,Bayani,25kg/bag,NO SRP,,,,,,,,
Soft Flour,CAMEL  ,Camel,25kg/bag,NO SRP,,,,,,,,
Soft Flour,CATTKETA  ,Cattketa,25kg/bag,NO SRP,,,,,,,,
Soft Flour,CATTLEYA  ,Cattleya,25kg/bag,NO SRP,860,890,-3.37%,-30,860,,,
Soft Flour,CINDERELLA (COTTON) ,Cinderella (Cotton),25kg/bag,NO SRP,,,,,,,,
Soft Flour,COUNTESS  ,Countess,25kg/bag,NO SRP,,,,,,,,
Soft Flour,DALFIN ,Dalfin,25kg/bag,NO SRP,,,,,,,,
Soft Flour,DOLPHIN (TURKEY)  ,Dolphin (Turkey),25kg/bag,NO SRP,,,,,,,,
Soft Flour,DRAGON FISH  ,Dragon Fish,25kg/bag,NO SRP,,,,,,,,
Soft Flour,EAGLE   ,Eagle,25kg/bag,NO SRP,,850,,,,,,
Soft Flour,FILIPINA ,Filipina,25kg/bag,NO SRP,,,,,,,,
Soft Flour,GITARA,Gitara,25kg/bag,NO SRP,,,,,,,,
Soft Flour,GOLD KEY (PLASTIC) ,Gold Key (plastic),25kg/bag,NO SRP,980,950,3.16%,30,980,,,
Soft Flour,GOLD STAR ,Gold Star,25kg/bag,NO SRP,,,,,,,,
Soft Flour,GREEN LIANJUAN  ,Green Lianjuan,25kg/bag,NO SRP,,,,,,,,
Soft Flour,ILANG-ILANG ,Ilang-ilang,25kg/bag,NO SRP,,,,,,,,
Soft Flour,ISLA ,Isla,25kg/bag,NO SRP,,,,,,,,
Soft Flour,ISLAND  ,Island,25kg/bag,NO SRP,,,,,,,,
Soft Flour,LAHARINA SUPERIOR ,Laharina Superior,25kg/bag,NO SRP,,,,,,,,
Soft Flour,LIGER ,Liger,25kg/bag,NO SRP,,,,,,,,
Soft Flour,MANGO ,Mango,25kg/bag,NO SRP,,,,,,,,
Soft Flour,MAYON ,Mayon,25kg/bag,NO SRP,,,,,,,,
Soft Flour,MEGA STAR ,Mega Star,25kg/bag,NO SRP,,,,,,,,
Soft Flour,PANADERO ,Panadero,25kg/bag,NO SRP,,,,,,,,
Soft Flour,PANDA  ,Panda,25kg/bag,NO SRP,,,,,,,,
Soft Flour,PENGUIN ,Penguin,25kg/bag,NO SRP,760,,,,760,,,
Soft Flour,PINE TREE ,Pine Tree,25kg/bag,NO SRP,,,,,,,,
Soft Flour,QUEEN  ,Queen,25kg/bag,NO SRP,,,,,,,,
Soft Flour,RABBIT ,Rabbit,25kg/bag,NO SRP,,,,,,,,
Soft Flour,RAINDBOW ,Raindbow,25kg/bag,NO SRP,,,,,,,,
Soft Flour,RED DRAGON ,Red Dragon,25kg/bag,NO SRP,,890,,,,,,
Soft Flour,ROYAL ,Royal,25kg/bag,NO SRP,,,,,,,,
Soft Flour,SAMPAGUITA ,Sampaguita,25kg/bag,NO SRP,,,,,,,,
Soft Flour,SAN DAN  ,San Dan,25kg/bag,NO SRP,,,,,,,,
Soft Flour,SENORITA ,Senorita,25kg/bag,NO SRP,,,,,,,,
Soft Flour,SNOW WHITE ,Snow White,25kg/bag,NO SRP,,,,,,,,
Soft Flour,STARLITE  ,Starlite,25kg/bag,NO SRP,,,,,,,,
Soft Flour,SUNRISE  ,Sunrise,25kg/bag,NO SRP,,,,,,,,
Soft Flour,SUPREMO ,Supremo,25kg/bag,NO SRP,,,,,,,,
Soft Flour,UNI (CHINA) ,Uni (China),25kg/bag,NO SRP,,,,,,,,
Soft Flour,VINTA ,Vinta,25kg/bag,NO SRP,,,,,,,,
Soft Flour,WHITE BEAR   (TURKEY)  ,White Bear,25kg/bag,NO SRP,,,,,,,,
Soft Flour,WHITE PIGEON ,White Pigeon,25kg/bag,NO SRP,,730,,,,,,
Soft Flour,WHITE ROSE ,White Rose,25kg/bag,NO SRP,,,,,,,,
Soft Flour,ZEBRA  ,Zebra,25kg/bag,NO SRP,,,,,,,,
